id,name,active,short_description,product_type,category,image_url,url,platform_product_id,plugin_views,review_help,shop_id
1,Ear rings,1,,,,https://opinew.com/media/review/earrings.jpg,http://opinew_shop.local:5001/product/1,1,0,,2
2,Yoga mat,1,,,,https://opinew.com/media/review/yoga_mat.jpg,http://opinew_shop.local:5001/product/2,2,0,,2
3,Blazer Dorothy Perkins,1,,,,https://opinew.com/media/review/blazer.jpg,http://opinew_shop.local:5001/product/3,3,0,,2
4,Hair brush Tangle Teezer,1,,,,https://opinew.com/media/review/hairbrush.jpg,http://opinew_shop.local:5001/product/4,4,0,,2
5,Asus X550CL,1,,,,https://opinew.com/media/review/asus_x550cl.jpg,http://opinew_shop.local:5001/product/5,5,0,,2
6,LG Nexus 5,1,,,,https://opinew.com/media/review/lg_nexus_5.jpg,http://opinew_shop.local:5001/product/6,6,0,,2
7,Converse Red Sneakers,1,,,,https://opinew.com/media/review/converse_red_sneakers.jpg,http://opinew_shop.local:5001/product/7,7,0,,2
8,Swatch Blue Watch,1,,,,https://opinew.com/media/review/swatch_blue_watch.jpg,http://opinew_shop.local:5001/product/8,8,0,,2
9,Coffee Kettle,1,,,,https://opinew.com/media/review/coffee_kettle.jpg,http://opinew_shop.local:5001/product/9,9,0,,2
10,Amazon Kindle,1,,,,https://opinew.com/media/review/amazon_kindle.jpg,http://opinew_shop.local:5001/product/10,10,0,,2
11,Kingston Flash drive 8G,1,,,,https://opinew.com/media/review/flash_drive.jpg,http://opinew_shop.local:5001/product/11,11,0,,2
12,TP-LinkWiFi Dongle,1,,,,https://opinew.com/media/review/wifi_dongle.jpg,http://opinew_shop.local:5001/product/12,12,0,,2
13,The Citadel Legend - Book by Colin Wollumburry,1,,,,https://opinew.com/media/review/the_citadel_legend.jpg,http://opinew_shop.local:5001/product/13,13,0,,2
14,Creative Airwave HD bluetooth speaker,1,,,,https://opinew.com/media/review/creative_airwave_speaker.jpg,http://opinew_shop.local:5001/product/14,14,0,,2
15,Foam sword,1,,,,https://opinew.com/media/review/foam_sword.jpg,http://opinew_shop.local:5001/product/15,15,0,,2
16,Pijamas It's so fluffy,1,,,,https://opinew.com/media/review/pijamas.jpg,http://opinew_shop.local:5001/product/16,16,0,,2
17,King of Tokyo,1,,,,https://opinew.com/media/review/king_of_tokyo.jpg,http://opinew_shop.local:5001/product/17,17,0,,2
18,House of Marley Freedom earphones,1,,,,https://opinew.com/media/review/house_of_marley_earphones.jpg,http://opinew_shop.local:5001/product/18,18,0,,2
19,Sennheiser HD 380pro,1,,,,https://opinew.com/media/review/sennheiser_hd_380pro.jpg,http://opinew_shop.local:5001/product/19,19,0,,2
20,Lenovo Y50,1,,,,https://opinew.com/media/review/lenovo_y50.jpg,http://opinew_shop.local:5001/product/20,20,0,,2
21,Product Name,0,"Lorem ipsum dolor sit amet, consectetur adipiscing elit. Donec vel velit eu felis placerat feugiat id ac magna. Pellentesque faucibus tortor dapibus, placerat neque et, mattis enim. Suspendisse consectetur tortor egestas dictum congue. Praesent in.",Beauty Products,Skin Care OLD,http://www.beautykitchen.co.uk/media/catalog/product/cache/1/image/363x/040ec09b1e35df139433887a97daa66f/p/r/product_placeholder.jpg,http://www.beautykitchen.co.uk/placeholder-product,placeholder,0,,3
22,Product Name 2,0,Short description,Beauty Products,Skin Care OLD,http://www.beautykitchen.co.uk/media/catalog/product/cache/1/image/363x/040ec09b1e35df139433887a97daa66f/p/l/placeholdrimage.jpg,http://www.beautykitchen.co.uk/product-name-2,rhgrthrt,0,,3
23,Product Name 3,0,Short description,Beauty Products,Body Care,http://www.beautykitchen.co.uk/media/catalog/product/cache/1/image/363x/040ec09b1e35df139433887a97daa66f/p/l/placeholdrimage_1.jpg,http://www.beautykitchen.co.uk/product-name-3,product3,0,,3
24,Product Name 4,0,"Lorem ipsum dolor sit amet, consectetur adipiscing elit. Donec vel velit eu felis placerat feugiat id ac magna. Pellentesque faucibus tortor dapibus, placerat neque et, mattis enim. Suspendisse consectetur tortor egestas dictum congue. Praesent in.",Beauty Products,Skin Care OLD,http://www.beautykitchen.co.uk/media/catalog/product/cache/1/image/363x/040ec09b1e35df139433887a97daa66f/p/r/product_placeholder_1.jpg,http://www.beautykitchen.co.uk/placeholder-product-54,product4,0,,3
25,Product Name 5,0,"Lorem ipsum dolor sit amet, consectetur adipiscing elit. Donec vel velit eu felis placerat feugiat id ac magna. Pellentesque faucibus tortor dapibus, placerat neque et, mattis enim. Suspendisse consectetur tortor egestas dictum congue. Praesent in.",Beauty Products,Indulgence Experience,http://www.beautykitchen.co.uk/media/catalog/product/cache/1/image/363x/040ec09b1e35df139433887a97daa66f/p/r/product_placeholder_2.jpg,http://www.beautykitchen.co.uk/placeholder-product-55,product5,0,,3
26,Product Name 6,0,Short description,Beauty Products,Skin Care OLD,http://www.beautykitchen.co.uk/media/catalog/product/cache/1/image/363x/040ec09b1e35df139433887a97daa66f/p/l/placeholdrimage_2.jpg,http://www.beautykitchen.co.uk/product-name-6,product6,0,,3
27,Product Name 7,0,"Lorem ipsum dolor sit amet, consectetur adipiscing elit. Donec vel velit eu felis placerat feugiat id ac magna. Pellentesque faucibus tortor dapibus, placerat neque et, mattis enim. Suspendisse consectetur tortor egestas dictum congue. Praesent in.",Beauty Products,Skin Care OLD,http://www.beautykitchen.co.uk/media/catalog/product/cache/1/image/363x/040ec09b1e35df139433887a97daa66f/p/r/product_placeholder_3.jpg,http://www.beautykitchen.co.uk/placeholder-product-7,product7,0,,3
28,Product Name 8,0,Short description,Beauty Products,Skin Care OLD,http://www.beautykitchen.co.uk/media/catalog/product/cache/1/image/363x/040ec09b1e35df139433887a97daa66f/p/l/placeholdrimage_3.jpg,http://www.beautykitchen.co.uk/product-name-8,product8,0,,3
29,Product Name 9,0,"Lorem ipsum dolor sit amet, consectetur adipiscing elit. Donec vel velit eu felis placerat feugiat id ac magna. Pellentesque faucibus tortor dapibus, placerat neque et, mattis enim. Suspendisse consectetur tortor egestas dictum congue. Praesent in.",Beauty Products,Body Care,http://www.beautykitchen.co.uk/media/catalog/product/cache/1/image/363x/040ec09b1e35df139433887a97daa66f/p/r/product_placeholder_4.jpg,http://www.beautykitchen.co.uk/placeholder-product-9,product9,0,,3
30,Product Name 10,0,"Lorem ipsum dolor sit amet, consectetur adipiscing elit. Donec vel velit eu felis placerat feugiat id ac magna. Pellentesque faucibus tortor dapibus, placerat neque et, mattis enim. Suspendisse consectetur tortor egestas dictum congue. Praesent in.",Beauty Products,Skin Care OLD,http://www.beautykitchen.co.uk/media/catalog/product/cache/1/image/363x/040ec09b1e35df139433887a97daa66f/p/r/product_placeholder_4_1.jpg,http://www.beautykitchen.co.uk/placeholder-product-10,product10,0,,3
31,Product Name 11,0,"Lorem ipsum dolor sit amet, consectetur adipiscing elit. Donec vel velit eu felis placerat feugiat id ac magna. Pellentesque faucibus tortor dapibus, placerat neque et, mattis enim. Suspendisse consectetur tortor egestas dictum congue. Praesent in.",Beauty Products,Skin Care OLD,http://www.beautykitchen.co.uk/media/catalog/product/cache/1/image/363x/040ec09b1e35df139433887a97daa66f/p/r/product_placeholder_5.jpg,http://www.beautykitchen.co.uk/placeholder-product-11,product11,0,,3
32,Spoil Me Calming & Nourishing Bath Oil 150ml,0,<p><strong>Silky rich bath &amp; massage oil for skin in need of indulgence.</strong></p>,Beauty Products,Body Care,http://www.beautykitchen.co.uk/media/catalog/product/cache/1/image/363x/040ec09b1e35df139433887a97daa66f/_/d/_dsc3464.jpg,http://www.beautykitchen.co.uk/spoilme-bathoil,spoilmebathoil,0,,3
33,Wake Me Energising & Uplifting Bath Oil 150ml,0,<p><strong>Silky rich bath &amp; massage oil for delicate &amp; dry skin.</strong></p>,Beauty Products,Body Care,http://www.beautykitchen.co.uk/media/catalog/product/cache/1/image/363x/040ec09b1e35df139433887a97daa66f/_/d/_dsc3463.jpg,http://www.beautykitchen.co.uk/wakeme-bathoil,wakemebathoil,0,,3
34,Arouse Me Healing & Awakening Bath Oil 150ml,0,<p><strong>Silky rich bath &amp; massage oil for dull &amp; tired skin.</strong></p>,Beauty Products,Body Care,http://www.beautykitchen.co.uk/media/catalog/product/cache/1/image/363x/040ec09b1e35df139433887a97daa66f/_/d/_dsc3457.jpg,http://www.beautykitchen.co.uk/arouseme-bathoil,arousemebathoil,0,,3
35,Product Name 15,0,"Lorem ipsum dolor sit amet, consectetur adipiscing elit. Donec vel velit eu felis placerat feugiat id ac magna. Pellentesque faucibus tortor dapibus, placerat neque et, mattis enim. Suspendisse consectetur tortor egestas dictum congue. Praesent in.",Beauty Products,Skin Care OLD,http://www.beautykitchen.co.uk/media/catalog/product/cache/1/image/363x/040ec09b1e35df139433887a97daa66f/p/r/product_placeholder_7.jpg,http://www.beautykitchen.co.uk/placeholder-product-15,product15,0,,3
36,Love Me Caring & Anti-Ageing Bath Oil 150ml,1,"<p><strong>Silky rich bath &amp; massage oil for skin in need of love.<br /></strong><strong>A rejuvenating oil that nourishes and moisturises your body. With Abyssinian oil,&nbsp;patchouli and cedarwood it's perfect for skin in need of love in the bath or for a relaxing massage. Love you skin!</strong></p>",Beauty Products,Body Care,http://www.beautykitchen.co.uk/media/catalog/product/cache/1/image/363x/040ec09b1e35df139433887a97daa66f/L/o/LoveMeBathOil.png,http://www.beautykitchen.co.uk/loveme-bathoil,Lovemebathoil,0,,3
37,Refresh Me Replenishing & Soothing Bath Oil 150ml,0,<p><strong>Silky rich bath &amp; massage oil for skin in need of a refresh.</strong></p>,Beauty Products,Body Care,http://www.beautykitchen.co.uk/media/catalog/product/cache/1/image/363x/040ec09b1e35df139433887a97daa66f/_/d/_dsc3458.jpg,http://www.beautykitchen.co.uk/refreshme-bathoil,refreshmebathoil,0,,3
38,Inspire Me Brightening & Toning Bath Oil 150ml,1,"<p><strong>Silky rich bath &amp; massage oil for skin in need of rejuvenation.</strong></p>
<p><strong>A rejuvenating oil that nourishes and moisturises your body. With Abyssinian oil,&nbsp; lemongrass &amp; grapefruit it's perfect for a bath or massage to brighten and smooth your skin.</strong></p>",Beauty Products,Body Care,http://www.beautykitchen.co.uk/media/catalog/product/cache/1/image/363x/040ec09b1e35df139433887a97daa66f/i/n/inspire_me_bath_oil_2__1.jpg,http://www.beautykitchen.co.uk/inspireme-bathoil,inspiremebathoil,0,,3
39,Chill Me Senstive & Age Defying Bath Oil 150ml,1,"<p><strong>Silky rich bath &amp; massage oil for delicate &amp; ageing skin.</strong></p>
<p><strong>A rejuvenating oil that nourishes and moisturises your body. With Abyssinian oil,&nbsp; organic lavendar and rosemary it's perfect for senstive and ageing skin in the bath or for a relaxing massage.</strong></p>",Beauty Products,Body Care,http://www.beautykitchen.co.uk/media/catalog/product/cache/1/image/363x/040ec09b1e35df139433887a97daa66f/c/h/chillmebathoilcropped.png,http://www.beautykitchen.co.uk/chillme-bathoil,chillmebathoil,0,,3
40,Love Me Caring & Anti-Ageing Bath Minerals 350g,1,"<p><strong>3 in 1 bath soak with rejuvenating vitamins, minerals and skin smoothing oils.</strong></p>
<p><strong>We all love having time to soak in the bath. Mineral rich himalayan salt will help rebalance your body's minerals, whilst the vitamin e, patchouli and frankincense get to work on younger looking and feeling skin. Love your skin!</strong></p>",Beauty Products,Body Care,http://www.beautykitchen.co.uk/media/catalog/product/cache/1/image/363x/040ec09b1e35df139433887a97daa66f/L/o/LoveMeBathMinerals.jpg,http://www.beautykitchen.co.uk/loveme-bathminerals,lovemebathminerals,0,,3
41,Wake Me Energising & Uplifting Bath Minerals 350g,0,"<p><strong>3 in 1 bath soak with rejuvenating vitamins, minerals and skin smoothing oils.</strong></p>",Beauty Products,Body Care,http://www.beautykitchen.co.uk/media/catalog/product/cache/1/image/363x/040ec09b1e35df139433887a97daa66f/_/d/_dsc3476.jpg,http://www.beautykitchen.co.uk/wakeme-bathminerals,wakemebathminerals,0,,3
42,Chill Me Sensitive & Age Defying Bath Minerals 350g,1,"<p><strong>3 in 1 bath soak with rejuvenating vitamins, minerals and skin smoothing oils. </strong></p>
<p><strong>Epsom salt is well known for its detox and health benefits. Alongside vitamin E and our special blend of Chill Me essential oils&nbsp; a quick soak in the bath will make your delicate skin feel renewed and restored you'll love the new you.</strong></p>",Beauty Products,Body Care,http://www.beautykitchen.co.uk/media/catalog/product/cache/1/image/363x/040ec09b1e35df139433887a97daa66f/C/h/ChillMeBathMinerals.jpg,http://www.beautykitchen.co.uk/chillme-bathminerals,chillmebathminerals,0,,3
43,Refresh Me Replenishing & Soothing Bath Minerals 350g,0,"<p><strong>3 in 1 bath soak with rejuvenating vitamins, minerals and skin smoothing oils.</strong></p>",Beauty Products,Body Care,http://www.beautykitchen.co.uk/media/catalog/product/cache/1/image/363x/040ec09b1e35df139433887a97daa66f/_/d/_dsc3473.jpg,http://www.beautykitchen.co.uk/refreshme-bathminerals,refreshmebathminerals,0,,3
44,Spoil Me Calming & Nourishing Bath Minerals 350g,0,"<p><strong>3 in 1 bath soak with rejuvenating vitamins, minerals and skin smoothing oils.</strong></p>",Beauty Products,Body Care,http://www.beautykitchen.co.uk/media/catalog/product/cache/1/image/363x/040ec09b1e35df139433887a97daa66f/_/d/_dsc3474.jpg,http://www.beautykitchen.co.uk/spoilme-bathminerals,spoilmebathminerals,0,,3
45,Love Me Caring & Anti-Ageing Body Polish 200g,1,"<p><strong>Bursting with minerals and oils full of antioxidants for a deep moisturisation.</strong></p>
<p><strong>With natural smoothing oils, cranberry seeds and detoxing mineral packed pink rock salt, this body polish is perfect for cellulite or stretch marks on legs, arms, bums &amp; tums!</strong></p>",Beauty Products,Body Care,http://www.beautykitchen.co.uk/media/catalog/product/cache/1/image/363x/040ec09b1e35df139433887a97daa66f/L/o/LoveMeBodyPolish.jpg,http://www.beautykitchen.co.uk/loveme-body-polish,lovemebodypolish,0,,3
46,Refresh Me Replenishing and Soothing Body Polish 200g,0,"<p><strong>Bursting with minerals and oils for detox, exfoliation &amp; rejuvenation.</strong></p>",Beauty Products,Body Care,http://www.beautykitchen.co.uk/media/catalog/product/cache/1/image/363x/040ec09b1e35df139433887a97daa66f/_/d/_dsc_9830.jpg,http://www.beautykitchen.co.uk/refreshme-bodypolish,refreshmebodypolish,0,,3
47,Spoil Me Calming & Nourishing Body Polish 200g,0,"<p><strong>Bursting with minerals and oils for detox, exfoliation &amp; relaxation. </strong></p>",Beauty Products,Body Care,http://www.beautykitchen.co.uk/media/catalog/product/cache/1/image/363x/040ec09b1e35df139433887a97daa66f/_/d/_dsc_9834.jpg,http://www.beautykitchen.co.uk/spoilme-bodypolish,spoilmebodypolish,0,,3
48,Wake Me Energising & Uplifting Body Polish 200g,0,"<p><strong>Bursting with minerals and oils for detox, exfoliation &amp; invigoration.</strong></p>",Beauty Products,Body Care,http://www.beautykitchen.co.uk/media/catalog/product/cache/1/image/363x/040ec09b1e35df139433887a97daa66f/_/d/_dsc_9831-2.jpg,http://www.beautykitchen.co.uk/wakeme-bodypolish,wakemebodypolish,0,,3
49,Inspire Me Brightening & Toning Body Polish 200g,1,"<p><strong>Bursting with minerals and oils for detox, exfoliation &amp; rejuvenation.</strong><strong><br /></strong></p>
<p><strong>With natural smoothing oils, sage and detoxing mineral packed pink rock salt, this body polish is perfect for cellulite or stretch marks on legs, arms, bums &amp; tums! People tested, never animal tested.</strong></p>",Beauty Products,Body Care,http://www.beautykitchen.co.uk/media/catalog/product/cache/1/image/363x/040ec09b1e35df139433887a97daa66f/I/n/InspireMeBodyPolish.jpg,http://www.beautykitchen.co.uk/inspireme-bodypolish,inspiremebodypolish,0,,3
50,Chill Me Sensitive & Age Defying Body Polish 200g,1,"<p><strong>Bursting with minerals and oils for gentle exfoliation &amp; deep moisturisation.</strong></p>
<p><strong>With natural smoothing oils, seaweed and detoxing epsom salt, this body polish is perfect for cellulite or stretch marks on legs, arms, bums &amp; tums!</strong></p>",Beauty Products,Body Care,http://www.beautykitchen.co.uk/media/catalog/product/cache/1/image/363x/040ec09b1e35df139433887a97daa66f/C/h/ChillMeBodyPolish.jpg,http://www.beautykitchen.co.uk/chillme-bodypolish,chillmebodypolish,0,,3
51,Arouse Me Healing & Awakening Body Polish 200g,0,"<p><strong>Bursting with minerals and oils for detox, exfoliation &amp; moisturisation.</strong></p>",Beauty Products,Body Care,http://www.beautykitchen.co.uk/media/catalog/product/cache/1/image/363x/040ec09b1e35df139433887a97daa66f/i/m/img_2976.jpg,http://www.beautykitchen.co.uk/arouseme-bodypolish,arousemebodypolish,0,,3
52,Love Me 60 Second Manicure 100g,1,"<p><strong>Gently exfoliates, cleanses and hydrates, for younger looking hands and nails.</strong></p>
<p><strong>In just 60 seconds you can cleanse, tone and moisturise, leaving your hands, nails and cuticles bright and revived by the effects of Himalayan salt, abyssinian oil, cranberry, frankincense&nbsp; and patchouli.</strong></p>",Beauty Products,Body Care,http://www.beautykitchen.co.uk/media/catalog/product/cache/1/image/363x/040ec09b1e35df139433887a97daa66f/l/o/love_me_60_second_manicure.jpg,http://www.beautykitchen.co.uk/loveme-handscrub,lovemehandscrub,0,,3
53,Chill Me 60 Second Manicure 100g,1,"<p><strong>Gently exfoliates, cleanses and hydrates, for younger looking hands and nails.</strong></p>
<p><strong>In just 60 seconds you can have younger looking revived hands. The Himalayan salt exfoliates and cleanses, whilst the oils tone and moisturise your hands and cuticles.</strong></p>",Beauty Products,Body Care,http://www.beautykitchen.co.uk/media/catalog/product/cache/1/image/363x/040ec09b1e35df139433887a97daa66f/C/h/ChillMe60SecondManicure.jpg,http://www.beautykitchen.co.uk/chillme-60secmani,chillmehandscrub,0,,3
54,Wake Me 60 Second Manicure 100g,0,"<p><strong>Gently exfoliates, cleanses and hydrates, for younger looking hands and nails.</strong></p>",Beauty Products,Body Care,http://www.beautykitchen.co.uk/media/catalog/product/cache/1/image/363x/040ec09b1e35df139433887a97daa66f/_/d/_dsc_9846.jpg,http://www.beautykitchen.co.uk/wakeme-handscrub,wakemehandscrub,0,,3
55,Inspire Me 60 Second Manicure 100g,1,"<p><strong>Gently exfoliates, cleanses and hydrates, for younger looking hands and nails.</strong></p>
<p><strong>In just 60 seconds you can cleanse, tone and moisturise, leaving your hands, nails and cuticles bright and revived by the Abyssinian oil, nettle, lemongrass and grapefruit.</strong></p>",Beauty Products,Body Care,http://www.beautykitchen.co.uk/media/catalog/product/cache/1/image/363x/040ec09b1e35df139433887a97daa66f/I/n/InspireMe60SecondManicure.jpg,http://www.beautykitchen.co.uk/inspireme-60secmani,inspiremehandscrub,0,,3
56,Spoil Me 60 Second Manicure 100g,0,"<p><strong>Gently exfoliates, cleanses and hydrates, for younger looking hands and nails.</strong></p>",Beauty Products,Body Care,http://www.beautykitchen.co.uk/media/catalog/product/cache/1/image/363x/040ec09b1e35df139433887a97daa66f/_/d/_dsc_9840.jpg,http://www.beautykitchen.co.uk/spoilme-handscrub,spoilmehandscrub,0,,3
57,Arouse Me 60 Second Manicure 100g,0,"<p><strong>Gently exfoliates, cleanses and hydrates, for younger looking hands and nails.</strong></p>",Beauty Products,Body Care,http://www.beautykitchen.co.uk/media/catalog/product/cache/1/image/363x/040ec09b1e35df139433887a97daa66f/_/d/_dsc_9844.jpg,http://www.beautykitchen.co.uk/arouseme-handscrub,arousemehandscrub,0,,3
58,Refresh Me 60 Second Manicure 100g,0,"<p><strong>Gently exfoliates, cleanses and hydrates, for younger looking hands and nails.</strong></p>",Beauty Products,Body Care,http://www.beautykitchen.co.uk/media/catalog/product/cache/1/image/363x/040ec09b1e35df139433887a97daa66f/_/d/_dsc_9845.jpg,http://www.beautykitchen.co.uk/refreshme-handscrub,refreshmehandscrub,0,,3
59,Love Me Organic Triple Action Hand Wash 200ml,1,"<p><strong>Cleansing, moisturising and rejuvenating for ageing hands.</strong></p>
<p><strong>Time to give those good old hands the love they deserve. Thanks to the patchouli, chamomile and oils your hands will feel moisturised &amp; younger after every use. Spread the love!</strong></p>",Beauty Products,Body Care,http://www.beautykitchen.co.uk/media/catalog/product/cache/1/image/363x/040ec09b1e35df139433887a97daa66f/L/o/Lovemehandwashcropped.png,http://www.beautykitchen.co.uk/loveme-handwash,lovemehandwash,0,,3
60,Arouse Me Organic Triple Action Hand Wash,0,"<p><strong>Cleansing, moisturising and rejuvenating for sensitive hands.</strong></p>",Beauty Products,Body Care,http://www.beautykitchen.co.uk/media/catalog/product/cache/1/image/363x/040ec09b1e35df139433887a97daa66f/_/d/_dsc_9861_6.jpg,http://www.beautykitchen.co.uk/arouseme-handwash,arousemehandwash,0,,3
61,Chill Me Organic Triple Action Hand Wash 200ml,1,"<p><strong>Cleansing, moisturising and rejuvenating for sensitive hands.</strong></p>
<p><strong>The perfect hand wash for sensitive skin. Your hands will feel cleansed by the eucalyptus, de-stressed by the geranium and moisturised by the oils making your hands feel a little less delicate and a little more chilled after every use.</strong></p>",Beauty Products,Body Care,http://www.beautykitchen.co.uk/media/catalog/product/cache/1/image/363x/040ec09b1e35df139433887a97daa66f/C/h/Chillmehandwashcropped.png,http://www.beautykitchen.co.uk/chillme-handwash,chillmehandwash,0,,3
62,Wake Me Organic Triple Action Hand Wash 200ml,0,"<p><strong>Cleansing, moisturising and rejuvenating for dry hands.</strong></p>",Beauty Products,Body Care,http://www.beautykitchen.co.uk/media/catalog/product/cache/1/image/363x/040ec09b1e35df139433887a97daa66f/_/d/_dsc_9865.jpg,http://www.beautykitchen.co.uk/wakeme-handwash,wakemehandwash,0,,3
63,Refresh Me Organic Triple Action Hand Wash 200ml,0,"Cleansing, moisturising and rejuvenating for tired hands.",Beauty Products,Body Care,http://www.beautykitchen.co.uk/media/catalog/product/cache/1/image/363x/040ec09b1e35df139433887a97daa66f/_/d/_dsc_9866.jpg,http://www.beautykitchen.co.uk/refreshme-handwash,refreshmehandwash,0,,3
64,Spoil Me Organic Triple Action Hand Wash 200ml,0,"<p><strong>Cleansing, moisturising and rejuvenating for busy hands.</strong></p>",Beauty Products,Body Care,http://www.beautykitchen.co.uk/media/catalog/product/cache/1/image/363x/040ec09b1e35df139433887a97daa66f/_/d/_dsc_9864.jpg,http://www.beautykitchen.co.uk/spoilme-handwash,spoilmehandwash,0,,3
65,Arouse Me Healing & Awakening Body Oil 100ml,0,"<p><strong>Fast absorbing goodness for smoother, healthy glowing skin.</strong></p>",Beauty Products,Body Care,http://www.beautykitchen.co.uk/media/catalog/product/cache/1/image/363x/040ec09b1e35df139433887a97daa66f/_/d/_dsc_9851.jpg,http://www.beautykitchen.co.uk/arouseme-bodyoil,arousemebodyoil,0,,3
66,Chill Me Sensitive & Age Defying Body Oil 100ml,1,"<p><strong>Fast absorbing goodness for smoother, healthy glowing skin.</strong></p>
<p><strong>This non greasy moisturiser, with Abyssinian oil, rosemary and lavender, absorbs in seconds to leave sensitive skin smoother, moisturised, younger looking and subtly scented. It's perfect for sensitive, delicate &amp; ageing skin on legs, arms, bums &amp; tums!</strong></p>",Beauty Products,Body Care,http://www.beautykitchen.co.uk/media/catalog/product/cache/1/image/363x/040ec09b1e35df139433887a97daa66f/C/h/Chillmebodyoilcropped.png,http://www.beautykitchen.co.uk/chillme-bodyoil,chillmebodyoil,0,,3
67,Inspire Me Brightening & Toning Body Oil 100ml,1,"<p><strong>Fast absorbing goodness for smoother, healthy glowing skin.</strong></p>
<p><strong>This non greasy liquid, with Abyssinian oil, grapefruit and lemongrass, absorbs in seconds to leave skin brighter, firmer, moisturised and subtly scented. It's perfect for cellulite or stretch marks on legs, arms, bums &amp; tums!<br /></strong></p>",Beauty Products,Body Care,http://www.beautykitchen.co.uk/media/catalog/product/cache/1/image/363x/040ec09b1e35df139433887a97daa66f/i/n/inspire_me_body_oil_4_.jpg,http://www.beautykitchen.co.uk/inspireme-bodyoil,inspiremebodyoil,0,,3
68,Love Me Caring & Anti-Ageing Body Oil 100ml,1,"<p><strong>Fast absorbing goodness for smoother, healthy glowing skin.</strong></p>
<p><strong>This non greasy moisturiser, with Abyssinian oil, patchouli and frankincense, absorbs in seconds to leave ageing skin moisturised,&nbsp; younger looking and subtly scented. It's perfect for cellulite or stretch marks on legs, arms, bums &amp; tums! Love your skin!</strong></p>",Beauty Products,Body Care,http://www.beautykitchen.co.uk/media/catalog/product/cache/1/image/363x/040ec09b1e35df139433887a97daa66f/l/o/lovemebodyoilcropped.png,http://www.beautykitchen.co.uk/loveme-bodyoil,lovemebodyoil,0,,3
69,Refresh Me Replenishing & Soothing Body Oil 100ml,0,"<p><strong>Fast absorbing goodness for smoother, healthy glowing skin.</strong></p>",Beauty Products,Body Care,http://www.beautykitchen.co.uk/media/catalog/product/cache/1/image/363x/040ec09b1e35df139433887a97daa66f/_/d/_dsc_9854.jpg,http://www.beautykitchen.co.uk/refreshme-bodyoil,refreshmebodyoil,0,,3
70,Spoil Me Calming & Nourishing Body Oil 100ml,0,"<p><strong>Fast absorbing goodness for smoother, healthy glowing skin.</strong></p>",Beauty Products,Body Care,http://www.beautykitchen.co.uk/media/catalog/product/cache/1/image/363x/040ec09b1e35df139433887a97daa66f/_/d/_dsc_9856.jpg,http://www.beautykitchen.co.uk/spoilme-bodyoil,spoilmebodyoil,0,,3
71,Wake Me Energising & Uplifting Body Oil 100ml,0,"<p><strong>Fast absorbing goodness for smoother, healthy glowing skin.</strong></p>",Beauty Products,Body Care,http://www.beautykitchen.co.uk/media/catalog/product/cache/1/image/363x/040ec09b1e35df139433887a97daa66f/_/d/_dsc_9853.jpg,http://www.beautykitchen.co.uk/wakeme-bodyoil,wakemebodyoil,0,,3
72,Arouse Me Healing & Awakening Body Wash,0,<p>Super soft &amp; moisture packed to provoke and stimulate your senses.</p>,Beauty Products,Body Care,http://www.beautykitchen.co.uk/media/catalog/product/cache/1/image/363x/040ec09b1e35df139433887a97daa66f/_/_/__dsc7369.jpg,http://www.beautykitchen.co.uk/arouseme-bodywash,arousemebodywash,0,,3
73,Chill Me Sensitive & Age Defying Body Wash 300ml,1,"<p><strong>Super soft &amp; moisture packed for delicate &amp; ageing skin.</strong></p>
<p><strong>Awaken your senses with this anti-ageing body wash for sensitive skin, made with renewable, moisturising and skin purifying algae oil. The rosemary helps boost your skins natural firmness whilst the clary sage help to calm any sensitivities. </strong></p>",Beauty Products,Body Care,http://www.beautykitchen.co.uk/media/catalog/product/cache/1/image/363x/040ec09b1e35df139433887a97daa66f/C/h/ChillMeBodywashcropped.png,http://www.beautykitchen.co.uk/chillme-bodywash,chillmebodywash,0,,3
74,Love Me Caring & Anti-Ageing Body Wash 300ml,1,"<p><strong>Super soft &amp; moisture packed for skin in need of love.<br /></strong><strong><br /></strong><strong>Awaken your senses with this caring, anti-ageing body wash, made with renewable, moisturising and skin purifying algae oil. Let the frankincense and pine needle comfort your skin whilst the patchouli and ginger get to work on 'the new you'. Love your skin! </strong></p>",Beauty Products,Body Care,http://www.beautykitchen.co.uk/media/catalog/product/cache/1/image/363x/040ec09b1e35df139433887a97daa66f/l/o/lovemebodywashcropped.png,http://www.beautykitchen.co.uk/loveme-bodywash,lovemebodywash,0,,3
75,Love Me Natural Soap & Bath Bomb Cracker,1,"<p><strong>Love Me Bath Shimmer Bomb 180g</strong></p>
<p>Fizz away your evening with this uplifting blend of cinnamon leaf, orange sweet and frankincense. Packed full of anti-aging ingredients that will help to tone your skin. The perfect natural pampering bath with benefits!</p>
<p><strong>Love Me Patchouli, Honey &amp; Oatmeal Natural Soap 90g</strong></p>
<p>Your skin will love this fabulously festive natural hand and body soap. Packed full of an uplifting yet comforting blend of essential oils, skin rejuvenating patchouli and intensly moisturising honey and oatmeal.&nbsp;</p>
<p><strong>Due to the 100% natural ingredients, some colour may vary and the product may change over time.</strong></p>",Beauty Products,Body Care,http://www.beautykitchen.co.uk/media/catalog/product/cache/1/image/363x/040ec09b1e35df139433887a97daa66f/C/h/ChristmasCracker.jpg,http://www.beautykitchen.co.uk/christmascracker,lovemecracker,0,,3
76,Create Your Own Lip Balms,1,"Beauty Kitchen lip balms are an easy way to keep your lips moisturised, a must have essential in any handbag or pocket. Now you can make your very own lip balms and help yourself to kissably soft lips. The good news is this kit makes 4 lip balms so your friends can have kissably soft lips too!",Beauty Products,Gifts,http://www.beautykitchen.co.uk/media/catalog/product/cache/1/image/363x/040ec09b1e35df139433887a97daa66f/C/Y/CYOlip.jpg,http://www.beautykitchen.co.uk/createyourownlipbalms,createyourownlipbalms,0,,3
77,Lip Balm Collection,1,"<p>Everyone wants kissably soft lips and with this trio there's no reason why you shouldn't. Our handy natural lip balm trio contains three different balms that are packed full of nature's finest ingredients to nourish and soften lips. Simply mix and match to suit your mood!</p>
<p><strong>Inspire Me</strong> adds a citrus zing to kick start your day, <strong>Refresh Me</strong> works its minty magic to get you through the afternoon and <strong>Love Me</strong> has a warm, soothing scent to get those hot lips ready for the evening.</p>",Beauty Products,Gifts,http://www.beautykitchen.co.uk/media/catalog/product/cache/1/image/363x/040ec09b1e35df139433887a97daa66f/b/e/beauty_kitchen_christmas_20.jpg,http://www.beautykitchen.co.uk/lipbalmcollection,lipbalmcollection,0,,3
78,Chill Me Create Your Own Bath Bombs,1,Everyone loves bath bombs and making them is just as much fun as watching them fizz! This kit provides everything you need to make 300g of bath bombs with 100% natural ingredients. Perfect gift for any age or simply something fun to do.,Beauty Products,Body Care,http://www.beautykitchen.co.uk/media/catalog/product/cache/1/image/363x/040ec09b1e35df139433887a97daa66f/C/h/ChillMeCYObathbombs.jpg,http://www.beautykitchen.co.uk/makeyourownbathbombs,makeyourownbathbombs,0,,3
79,Inspire Me Organic Hand Wash & Body Lotion 2 x 200ml,1,"<p>Fast absorbing moisturisation for instantly brighter skin</p>
<p><strong>Inspire Me Hand Wash (200ml)<br /></strong>Awaken your senses with this uplifting, invigorating hand wash. Your hands will feel refreshed by the grapefruit, moisturised by the oils and the anti-oxidents will give your hands a treat with every use.</p>
<p><strong>Inspire Me Hand &amp; Body Lotion (200ml)<br /></strong>Enjoy the little things &amp; treat yourself with this light, fast absorbing, moisture pcked lotion. Crammed with super effective orange sweet, grapefruit and lemongrass leaving your skin nourished, soft and subtly scented. Perfect for tired hands &amp; limbs!</p>",Beauty Products,Body Care,http://www.beautykitchen.co.uk/media/catalog/product/cache/1/image/363x/040ec09b1e35df139433887a97daa66f/b/e/beauty_kitchen_christmas_28_1.jpg,http://www.beautykitchen.co.uk/inspiremehandwashbodylotion,inspiremehandwashbodylotion,0,,3
80,Refresh Me Replenishing & Soothing Body Wash 300ml,0,<p><strong>Super soft &amp; moisture packed for tired skin.</strong></p>,Beauty Products,Body Care,http://www.beautykitchen.co.uk/media/catalog/product/cache/1/image/363x/040ec09b1e35df139433887a97daa66f/_/_/__dsc7364-2.jpg,http://www.beautykitchen.co.uk/refreshme-bodywash,refreshmebodywash,0,,3
81,Spoil Me Calming and Nourishing Body Wash 300ml,0,<p><strong>Super soft &amp; moisture packed for skin in need of a treat.</strong></p>,Beauty Products,Body Care,http://www.beautykitchen.co.uk/media/catalog/product/cache/1/image/363x/040ec09b1e35df139433887a97daa66f/_/_/__dsc7372.jpg,http://www.beautykitchen.co.uk/spoilme-bodywash,spoilmebodywash,0,,3
82,Wake Me Energising & Uplifting Body Wash 300ml,0,<p><strong>Super soft and moisture packed to revitalise the skin.</strong></p>,Beauty Products,Body Care,http://www.beautykitchen.co.uk/media/catalog/product/cache/1/image/363x/040ec09b1e35df139433887a97daa66f/_/_/__dsc7367.jpg,http://www.beautykitchen.co.uk/wakeme-bodywash,wakemebodywash,0,,3
83,Spoil Me Special Wonder Balm 10ml,1,"<p><strong>For lips and dry bits</strong></p>
<p><strong>Where ever, when ever, wonder balm it! Why can you never find a lip balm when you need one? Our moisturising wonder balms are in the cutest little tins so you will always keep yours with you so you can apply in public! (not suitable for Vegans, contains Beeswax)</strong></p>",Beauty Products,Body Care,http://www.beautykitchen.co.uk/media/catalog/product/cache/1/image/363x/040ec09b1e35df139433887a97daa66f/S/p/SpoilMeWonderBalmFullFront.jpg,http://www.beautykitchen.co.uk/spoilmelipbalm,spoilme-lipbalm,0,,3
84,Love Me Cinnamon Wonder Balm 10ml,1,"<p><strong>For lips and dry bits</strong><strong><br /></strong></p>
<p><strong>Where ever, when ever, wonder balm it! Why can you never find a lip balm when you need one? Our moisturising wonder balms are in the cutest little tins so you will always keep yours with you so you can apply in public! (not suitable for Vegans, contains Beeswax).<br /></strong></p>",Beauty Products,By Scent,http://www.beautykitchen.co.uk/media/catalog/product/cache/1/image/363x/040ec09b1e35df139433887a97daa66f/L/o/LoveMeWonderBalmFullFront.jpg,http://www.beautykitchen.co.uk/love-me-cinnamon-wonder-balm,lovemelipbalm,0,,3
85,Wake Me Lemon Wonder Balm 10ml,1,"<p><strong></strong><strong>For dry lips and bits</strong></p>
<p><strong>Where ever, when ever, wonder balm it! Why can you never find a lip balm when you need one? Our moisturising wonder balms are in the cutest little tins so you will always keep yours with you so you can apply in public! (not suitable for Vegans, contains Beeswax)</strong></p>",Beauty Products,Body Care,http://www.beautykitchen.co.uk/media/catalog/product/cache/1/image/363x/040ec09b1e35df139433887a97daa66f/W/a/WakeMeWonderBalmFullFront.jpg,http://www.beautykitchen.co.uk/wake-me-lemon-wonder-balm,wakemelipbalm,0,,3
86,Refresh Me Minty Wonder Balm 10ml,1,"<p><strong>For lips and dry bits</strong></p>
<p><strong>Where ever, when ever, wonder balm it! Why can you never find a lip balm when you need one? Our moisturising wonder balms are in the cutest little tins so you will always keep yours with you so you can apply in public! (not suitable for Vegans, contains Beeswax).</strong></p>",Beauty Products,Body Care,http://www.beautykitchen.co.uk/media/catalog/product/cache/1/image/363x/040ec09b1e35df139433887a97daa66f/R/e/RefreshMeWonderBalmFullFront.jpg,http://www.beautykitchen.co.uk/refresh-me-minty-wonder-balm,refreshmelipbalm,0,,3
87,Inspire Me Organic Triple Action Hand Wash 200ml,1,"<p><strong>Cleansing, moisturising and rejuvenating for tired hands.</strong></p>
<p><strong>Awaken your senses with this uplifting, invigorating hand wash. Your hands will feel refreshed by the grapefruit and moisturised by the oils making your hands feel younger with every use. People tested, never animal tested. </strong></p>",Beauty Products,Body Care,http://www.beautykitchen.co.uk/media/catalog/product/cache/1/image/363x/040ec09b1e35df139433887a97daa66f/i/n/inspire_me_hand_wash_2_.jpg,http://www.beautykitchen.co.uk/inspireme-handwash,inspiremehandwash,0,,3
88,Inspire Me Brightening & Toning Body Wash 300ml,0,"<p><strong>Super soft &amp; moisture packed for dull &amp; tired skin.</strong></p>
<p><strong>Awaken your senses with this uplifting, rejuvenating, firming body wash, made with renewable, moisturising and skin purifying algae oil. Anti-oxidant and Vitamin C loaded Grapefruit blends with Lemongrass to help firm and brighten your skin. People tested, never animal tested. </strong></p>",Beauty Products,Body Care,http://www.beautykitchen.co.uk/media/catalog/product/cache/1/image/363x/040ec09b1e35df139433887a97daa66f/i/n/inspire_me_body_wash_2_.jpg,http://www.beautykitchen.co.uk/inspireme-bodywash,inspiremebodywash,0,,3
89,Inspire Me Brightening & Toning Bath Minerals 350g,1,"<p><strong>3 in 1 bath soak with rejuvenating vitamins, minerals and skin smoothing oils.</strong></p>
<p><strong>Himalayan salt is the purest salt in the world and contains 94 minerals that are present in your body. Vitamin E and Vitamin C loaded Grapefruit blends with Lemongrass to help firm and brighten your skin. People tested, never animal tested </strong></p>",Beauty Products,Body Care,http://www.beautykitchen.co.uk/media/catalog/product/cache/1/image/363x/040ec09b1e35df139433887a97daa66f/I/n/InspireMeBathMinerals.jpg,http://www.beautykitchen.co.uk/inspiremebathminerals,inspiremebathminerals,0,,3
90,Love Me Caring & Ant-Ageing Body Souffle 200ml,1,"<p><strong>Luxurious skin smoothing moisture in a jar.</strong></p>
<p><strong>Your skin will love this silky luxurious moisturising souffl&eacute;. It's packed with super effective shea butter, patchouli and frankincense leaving your skin deeply treated, lavished with love and subtly scented. People tested, never animal tested.</strong></p>
<p><strong><br /></strong><strong><br /></strong></p>",Beauty Products,Body Care,http://www.beautykitchen.co.uk/media/catalog/product/cache/1/image/363x/040ec09b1e35df139433887a97daa66f/L/o/LoveMeBodySouffle.jpg,http://www.beautykitchen.co.uk/loveme-bodysouffle,lovemebodysouffle,0,,3
91,Inspire Me Brightening & Toning Body Souffle 200ml,1,"<p><strong></strong><strong>Luxurious skin smoothing moisture in a jar. </strong></p>
<p><strong>Your skin will love this silky luxurious moisturising souffl&eacute;. It's packed with super effective shea butter, grapefruit and lemongrass leaving your skin brighter, firmer and subtly scented. People tested, never animal tested.</strong></p>",Beauty Products,Body Care,http://www.beautykitchen.co.uk/media/catalog/product/cache/1/image/363x/040ec09b1e35df139433887a97daa66f/I/n/InspireMeBodySouffle.jpg,http://www.beautykitchen.co.uk/inspiremebodysouffle,inspiremebodysouffle,0,,3
92,Inspire Me Citrus Wonder Balm 10ml,1,"<p><strong>For lips and dry bits.</strong></p>
<p><strong>Where ever, when ever, wonder balm it! Why can you never find a lip balm when you need one? Our moisturising wonder balms are in the cutest little tins so you will always keep yours with you so you can apply in public! (not suitable for Vegans, contains Beeswax).</strong></p>",Beauty Products,Body Care,http://www.beautykitchen.co.uk/media/catalog/product/cache/1/image/363x/040ec09b1e35df139433887a97daa66f/L/i/LipbalmFront.jpg,http://www.beautykitchen.co.uk/inspireme-lipbalm,inspiremelipbalm,0,,3
93,Indulgence Experience for Two People,1,"<p><strong>This gift voucher entitles you to a Beauty Kitchen indulgence experience for two people. Learn how to make your own 100% natural beauty product and receive a hand treatment from our qualified aromatherapist who will guide&nbsp;you to the right ingredients for you.</strong></p>
<p><strong>Perfect for hen parties, kids birthday parties or simply as a treat for someone who deserves it.</strong></p>
<p>&nbsp;</p>",Beauty Products,Gifts,http://www.beautykitchen.co.uk/media/catalog/product/cache/1/image/363x/040ec09b1e35df139433887a97daa66f/i/n/indulgenceexperience.jpg,http://www.beautykitchen.co.uk/indulgenceexperiencetwo,indulgenceexperiencetwo,0,,3
94,Indulgence Experience for One Person,1,"<p><strong>This gift voucher entitles you to a Beauty Kitchen indulgence experience for one person.</strong></p>
<p><strong>Learn how to make your own 100% natural beauty product and receive a hand treatment from our qualified aromatherapist.</strong></p>
<p><strong>Perfect for hen parties, kids birthday parties or simply as a treat for someone who deserves it.</strong></p>",Beauty Products,Gifts,http://www.beautykitchen.co.uk/media/catalog/product/cache/1/image/363x/040ec09b1e35df139433887a97daa66f/i/n/indulgenceexperience_1.jpg,http://www.beautykitchen.co.uk/indulgence-experience-for-one,indulgenceexperienceone,0,,3
95,Holistic Hands Natural Gift Hamper,1,"<p><strong>Our handwash and hand scrub packed in a recycled cardboard box with recycled ribbon. The perfect gift for under &pound;20....100% natural of course!</strong></p>
<p><strong>You'll love it sooooo much and everything you touch will love it too!</strong></p>
<p><strong>Suitable for vegans and 100% natural.</strong></p>",Beauty Products,Gifts,http://www.beautykitchen.co.uk/media/catalog/product/cache/1/image/363x/040ec09b1e35df139433887a97daa66f/H/o/HolisticHandsWakeMe.jpg,http://www.beautykitchen.co.uk/holistic-hands-gift-set,holistichands,0,,3
96,Inspire Me Winter Starter Kit,1,"<p><strong>This handmade to order natural beauty kit is the perfect winter gift.</strong></p>
<p><strong>You'll love it so much you won't want to leave the bathroom, except to show off your super soft shimmering skin! </strong></p>
<p><strong>Suitable for vegans and 100% natural.</strong></p>
<p>&nbsp;</p>",Beauty Products,,http://www.beautykitchen.co.uk/media/catalog/product/cache/1/image/363x/040ec09b1e35df139433887a97daa66f/o/r/original_beauty-kitchen-winter-starter-kit.jpg,http://www.beautykitchen.co.uk/inspire-me-winter-starter-kit,winterstarterkit,0,,3
97,Love Me Natural Bath & Body Gift Hamper,1,"<p><strong>You will love this ""scentsation"" hand-made to order natural beauty kit for your skin - The Perfect gift hamper.</strong></p>
<p><strong>Using only 100% natural ingredients this hamper contains everything you need for a body treat everyday!</strong></p>
<p><strong><br /></strong></p>",Beauty Products,Gifts,http://www.beautykitchen.co.uk/media/catalog/product/cache/1/image/363x/040ec09b1e35df139433887a97daa66f/N/a/Naturalbathandbodyhamper.jpg,http://www.beautykitchen.co.uk/natural-bath-body-gift-hamper,bathandbodyhamper,0,,3
98,Body Beautiful Natural Gift Hamper,0,"<p>You body will love this 100% natural skin smoothing body scrub, shower gel and shimmer oil body moisturiser hamper, the perfect body beautiful threesome!</p>",Beauty Products,Gifts,http://www.beautykitchen.co.uk/media/catalog/product/cache/1/image/363x/040ec09b1e35df139433887a97daa66f/b/o/body_beautiful_bk_1.jpg,http://www.beautykitchen.co.uk/body-beautiful-natural-gift-hamper,bodybeautiful,0,,3
99,Inspire Me Hand & Body Lotion 200ml,1,"<p><strong>Fast absorbing moisturisation for instantly brighter skin.</strong></p>
<p><strong>Treat yourself with this light, fast absorbing, mositurising lotion. It's packed with orange sweet, grapefruit and lemongrass leaving your skin brighter, firmer and subtly scented. People tested, never animal tested.<br /></strong></p>
<p><strong><br /></strong></p>",Beauty Products,Body Care,http://www.beautykitchen.co.uk/media/catalog/product/cache/1/image/363x/040ec09b1e35df139433887a97daa66f/i/n/inspire_me_hand_body_lotion_2_.jpg,http://www.beautykitchen.co.uk/inspiremehand-body,inspiremehandbodylotion,0,,3
100,Love Me Hand & Body Lotion 200ml,1,"<p><strong>Fast absorbing moisturisation for younger looking skin.</strong></p>
<p><strong> Treat yourself with this light, fast absorbing, moisturising lotion. It's perfect for skin in need of a little love and is packed with patchouli, frankincense and abyssinian oil, leaving your skin gently moisturised, younger looking and subtly scented. Love your skin!</strong></p>",Beauty Products,Body Care,http://www.beautykitchen.co.uk/media/catalog/product/cache/1/image/363x/040ec09b1e35df139433887a97daa66f/L/o/Lovemehand_bodycropped.png,http://www.beautykitchen.co.uk/loveme-handbody,lovemehandbodylotion,0,,3
101,Chill Me Hand & Body Lotion 200ml,1,"<p><strong>Fast absorbing moisturisation for delicate &amp; ageing skin.</strong></p>
<p><strong>Treat yourself with this light, fast absorbing, moisturising lotion. It's perfect for sensitive and ageing skin.</strong><br /><strong>Packed full of lavender, geranium and rosemary to leave your skin&nbsp;gently moisturised, younger looking and subtly scented.</strong></p>",Beauty Products,Body Care,http://www.beautykitchen.co.uk/media/catalog/product/cache/1/image/363x/040ec09b1e35df139433887a97daa66f/C/h/Chillmehand_bodycropped.png,http://www.beautykitchen.co.uk/chill-me-hand-body-lotion-200ml,chillmehandandbody,0,,3
102,Chill Me Sensitive & Age Defying Body Souffle 200ml,1,"<p>Luxurious skin moisture in a jar.</p>
<p>Your skin will love this silky luxurious moisturising souffl&eacute;. It's packed with super effective shea butter, rosemary and lavender <br />leaving your sensitive skin lavished, instantly younger looking and subtly scented.</p>",Beauty Products,By Scent/Chill Me,http://www.beautykitchen.co.uk/media/catalog/product/cache/1/image/363x/040ec09b1e35df139433887a97daa66f/C/h/ChillMeBodySouffle.jpg,http://www.beautykitchen.co.uk/chillmesouffle,chillmesouffle,0,,3
103,Refresh Me Pure Essential Oil 15ml,1,"<p><strong>Concentrated elixir to create your own scentsations. </strong></p>
<p><strong>Our unique blend of pure high grade essential oils to use at home for massage, in your bath or for vaporisation. </strong></p>",Beauty Products,Body Care,http://www.beautykitchen.co.uk/media/catalog/product/cache/1/image/363x/040ec09b1e35df139433887a97daa66f/R/e/RefreshMePureEssentialOil.jpg,http://www.beautykitchen.co.uk/refreshmeessentialoil,refreshmeessentialoil,0,,3
104,Spoil Me Pure Essential Oil 15ml,1,"<p><strong>Concentrated elixir to create your own scentsations. </strong></p>
<p><strong>Our unique blend of pure high grade essential oils to use at home for massage, in your bath or for vaporisation. </strong></p>",Beauty Products,Body Care,http://www.beautykitchen.co.uk/media/catalog/product/cache/1/image/363x/040ec09b1e35df139433887a97daa66f/S/p/SpoilMePureEssentialOil.jpg,http://www.beautykitchen.co.uk/spoilmeessentialoil,spoilmeessentialoil,0,,3
105,Inspire Me Pure Essential Oil 15ml,1,"<p><strong>Concentrated elixir to create your own scentsations. </strong></p>
<p><strong>Our unique blend of pure high grade essential oils to use at home for massage, in your bath or for vaporisation. </strong></p>",Beauty Products,Body Care,http://www.beautykitchen.co.uk/media/catalog/product/cache/1/image/363x/040ec09b1e35df139433887a97daa66f/i/n/inspire_me_pure_essential_oil.jpg,http://www.beautykitchen.co.uk/inspiremeessentialoil,inspiremeessentialoil,0,,3
106,Love Me Pure Essential Oil 15ml,1,"<p><strong>Concentrated elixir to create your own scentsations. </strong></p>
<p><strong>Our unique blend of pure high grade essential oils to use at home for massage, in your bath or for vaporisation. </strong></p>",Beauty Products,Body Care,http://www.beautykitchen.co.uk/media/catalog/product/cache/1/image/363x/040ec09b1e35df139433887a97daa66f/L/o/LoveMePureEssentialOil.jpg,http://www.beautykitchen.co.uk/lovemeessentialoil,lovemeessentialoil,0,,3
107,Chill Me Pure Essential Oil 15ml,1,"<p><strong>Concentrated elixir to create your own scentsations. </strong></p>
<p><strong>Our unique blend of pure high grade essential oils to use at home for massage, in your bath or for vaporisation. </strong></p>",Beauty Products,Body Care,http://www.beautykitchen.co.uk/media/catalog/product/cache/1/image/363x/040ec09b1e35df139433887a97daa66f/C/h/ChillMePureEssentialOil.jpg,http://www.beautykitchen.co.uk/chillmeessentialoil,chillmeessentialoil,0,,3
108,Wake Me Pure Essential Oil 15ml,1,"<p><strong>Concentrated elixir to create your own scentsations. </strong></p>
<p><strong>Our unique blend of pure high grade essential oils to use at home for massage, in your bath or for vaporisation. </strong></p>",Beauty Products,Body Care,http://www.beautykitchen.co.uk/media/catalog/product/cache/1/image/363x/040ec09b1e35df139433887a97daa66f/W/a/WakeMePureEssentialOil.jpg,http://www.beautykitchen.co.uk/wakemeessentialoil,wakemeessentialoil,0,,3
109,Abyssinian Oil Facial Cleansing Balm 60ml,1,"<p><strong>Fragrance free natural cleansing and age defense for sensitive, oily or dry skin. </strong></p>
<p><strong>This fragrance free, non-greasy, cleansing balm simply melts into the skin and easily removes impurities and make up to reveal soft, supple, glowing skin. It contains nourishing Shea Butter and Abyssinian oil, a turbo charged version of argan oil, to help replace essential skin lipids without blocking pores, to restore the skins natural elasticity. </strong></p>",Beauty Products,Skin Care OLD,http://www.beautykitchen.co.uk/media/catalog/product/cache/1/image/363x/040ec09b1e35df139433887a97daa66f/F/a/FacialCleansingBalm.jpg,http://www.beautykitchen.co.uk/abyssiniancleansingbalm,abyssiniancleansingbalm,0,,3
110,Abyssinian Oil Aroma Facial Concentrate 30ml,1,"<p><strong>Intensive daily hydration and age defence treatment for sensitive, oily or dry skin. </strong></p>
<p><strong>This intensive daily moisturising oil is suitable for all skin types. It contains Abyssinian oil, a turbo charged version of argan oil, magnolia oil and palmarosa to balance the production of sebum and rosehip oil, which help to promote cellular development and collagen synthesis, which is important for keeping skin smooth and supple. </strong></p>",Beauty Products,Skin Care OLD,http://www.beautykitchen.co.uk/media/catalog/product/cache/1/image/363x/040ec09b1e35df139433887a97daa66f/F/a/FacialOilCropped.png,http://www.beautykitchen.co.uk/abyssinianfacialconcentrate,abyssinianfacialconcentrate,0,,3
111,Abyssinian Oil Handbag Beauty Balm 30ml,1,"<p><strong>Your multi-purpose miracle for all skin types. </strong></p>
<p><strong>This multi-purpose miracle balm can be used as a rich cleanser, gentle exfoliant or deeply nourishing balm to quench areas of dry or dehydrated skin. The exceptionally high levels of potent oils are proven to help repair, firm, smooth, decongest and enrich the skin, restoring its natural radiance. </strong></p>",Beauty Products,Skin Care OLD,http://www.beautykitchen.co.uk/media/catalog/product/cache/1/image/363x/040ec09b1e35df139433887a97daa66f/H/a/HandbagBeautyBalm.jpg,http://www.beautykitchen.co.uk/abyssinianhandbagbeautybalm,Abyssinianhandbageautybalm,0,,3
112,Abyssinian Oil Facial Moisture Cream 60ml,1,"<p><strong>Fragrance free natural hydration &amp; age defence for sensitive, oily or dry skin. </strong></p>
<p><strong>This fragrance free moisture balm is perfect for anyone that wants natural hydration but hasn't converted to facial oils. It contains Abyssinian oil, a turbo charged version of argan oil, to help replace essential skin lipids without blocking pores, to restore the skins natural elasticity. </strong></p>",Beauty Products,Skin Care OLD,http://www.beautykitchen.co.uk/media/catalog/product/cache/1/image/363x/040ec09b1e35df139433887a97daa66f/F/a/FacialMoistureCream.jpg,http://www.beautykitchen.co.uk/abyssinianfacialmoisturecream,Abyssinianfacialmoisturecream,0,,3
113,Miracle Mother Nature Facial Konjac Sponge,1,"<p><strong>Gentle exfoliating cleansing for even the most sensitive skin. </strong></p>
<p><strong>Simple, effective, deep cleansing &amp; pure. Our konjac sponge is eco friendly, 100% natural and made from pure edible vegetable roots. It cleanses the skin like nothing you've ever experienced before, leaving the face clean, glowing and silky smooth. </strong></p>",Beauty Products,Skin Care OLD,http://www.beautykitchen.co.uk/media/catalog/product/cache/1/image/363x/040ec09b1e35df139433887a97daa66f/K/o/KonjacSpongeFrontFull.jpg,http://www.beautykitchen.co.uk/konjacsponge,konjacsponge,0,,3
114,Spoil Me Rainbow Bath Bomb 180g,1,"<p><strong>Super moisturising bath bomb that will make you feel pampered as soon as it hits the water.</strong></p>
<p><strong>The perfect bath bomb for a little 'me' time. Fizz away your cares with this deeply moisturising blend of natural ingredients that will leave you feeling pampered.</strong></p>
<p><strong>Due to the 100% natural ingredients, some of the colours may vary and the product may change over time.</strong></p>",Beauty Products,Body Care,http://www.beautykitchen.co.uk/media/catalog/product/cache/1/image/363x/040ec09b1e35df139433887a97daa66f/B/K/BK_May12.jpg,http://www.beautykitchen.co.uk/spoilmerainbowbathbomb,spoilmerainbowbathbomb,0,,3
115,Inspire Me Orange & Lemon Natural Soap 90g,1,"<p><strong>A fabulously fruity &amp; uplifting way to keep your skin clean.</strong></p>
<p><strong> This rejuvinating orange and lemon soap will brighten and tone the skin leaving it super clean, moisturised by the essential oils and subtly scented.</strong></p>
<p><strong>Due to the 100% natural ingredients, some colour may vary and the product may change over time.</strong></p>",Beauty Products,Body Care,http://www.beautykitchen.co.uk/media/catalog/product/cache/1/image/363x/040ec09b1e35df139433887a97daa66f/B/K/BK_May21.jpg,http://www.beautykitchen.co.uk/inspireorange-lemonsoap,inspireorange&lemonsoap,0,,3
116,Inspire Me Luscious Lollipop Natural Soap 90g,1,"<p><strong>An uplifting, rejuvenating sweet treat for your skin! </strong></p>
<p><strong>Packed full of moisturising essential oils, this sweet treat is just what your skin has been waiting for. Anti-oxidant and Vitamin C loaded Grapefruit blends with Lemongrass to help firm and brighten your skin.</strong></p>
<p><strong>Due to the 100% natural ingredients, some colour may vary and the product may change over time.</strong></p>",Beauty Products,Body Care,http://www.beautykitchen.co.uk/media/catalog/product/cache/1/image/363x/040ec09b1e35df139433887a97daa66f/B/K/BK_May22.jpg,http://www.beautykitchen.co.uk/inspireluciouslollipopsoap,Inspireluciouslollipopsoap,0,,3
117,Wake Me Tutti Frutti Natural Soap 90g,1,"<p><strong>This citrus burst in a bar is perfect to get you going morning, noon or night.</strong></p>
<p><strong> If you need something to pep you up in the morning this soap is the one for you. The grapefruit and orange sweet energise the skin and uplift your mood leaving you ready for the day.</strong></p>
<p><strong>Due to the 100% natural ingredients, some colour may vary and the product may change over time.</strong></p>",Beauty Products,Body Care,http://www.beautykitchen.co.uk/media/catalog/product/cache/1/image/363x/040ec09b1e35df139433887a97daa66f/B/K/BKMay1copy.jpg,http://www.beautykitchen.co.uk/wakemetuttifruttisoap,wakemetuttifruttisoap,0,,3
118,Wake Me Hot Loofa Polishing Natural Soap 90g,1,"<p><strong>Add a little zing to your skin morning, noon or night.</strong></p>
<p><strong>The citrus scent will lift your mood while the loofa polishes the skin to remove any impurities leaving you with moisturised skin to be proud of.</strong></p>
<p><strong>Due to the 100% natural ingredients, some colour may vary and the product may change over time.</strong></p>",Beauty Products,Body Care,http://www.beautykitchen.co.uk/media/catalog/product/cache/1/image/363x/040ec09b1e35df139433887a97daa66f/B/K/BK_May20.jpg,http://www.beautykitchen.co.uk/wakemehotloofasoap,wakemehotloofasoap,0,,3
119,Refresh Me Lemon & Mint Natural Soap 90g,1,"<p><strong>A refreshing and rejuvinating cleansing experience.</strong></p>
<p><strong> The rejuvinating lemon and refreshing mint blend together to make an energising soap to cleanse the skin.</strong></p>
<p><strong>Due to the 100% natural ingredients, some colour may vary and the product may change over time.</strong></p>",Beauty Products,Body Care,http://www.beautykitchen.co.uk/media/catalog/product/cache/1/image/363x/040ec09b1e35df139433887a97daa66f/B/K/BK_May15.jpg,http://www.beautykitchen.co.uk/refreshlemonmintsoap,refreshmelemonmintsoap,0,,3
120,Chill Me Rosemary & Lavender Natural Soap 90g,1,"<p><strong>Cleansing and skin softening for sensitive skin.</strong></p>
<p><strong>You will be treated to a blend of rosemary and lavender which will take care of sensitive skin while the eucalytus and geranium will cleanse and de-stress leaving you feeling a little more chilled.</strong></p>
<p><strong>Due to the 100% natural ingredients, &nbsp;somecolour may vary and the product may change over time.</strong></p>",Beauty Products,Body Care,http://www.beautykitchen.co.uk/media/catalog/product/cache/1/image/363x/040ec09b1e35df139433887a97daa66f/B/K/BK_May19.jpg,http://www.beautykitchen.co.uk/chillmerosemarylavendersoap,chillmerosemarylavendersoap,0,,3
121,Love Me Flower Bomb Natural Soap 90g,1,"<p><strong>Show your skin some love with this moisturising soap.</strong></p>
<p><strong> The delicate rose is surrounded by our essential oil blend that is moisture packed and full of anti-ageing properties to show your skin how much you care.</strong></p>
<p><strong>Due to the 100% natural ingredients, some colour may vary and the product may change over time.</strong></p>",Beauty Products,Body Care,http://www.beautykitchen.co.uk/media/catalog/product/cache/1/image/363x/040ec09b1e35df139433887a97daa66f/B/K/BK_May18.jpg,http://www.beautykitchen.co.uk/lovemeflowerbombsoap,lovemeflowerbombsoap,0,,3
122,Inspire Me Baby Bombs 10g,0,"<p><strong>Skin moisturising bon-bons of essential oil scented heaven for your bath.</strong></p>
<p><strong> Fizz away your cares with these 100% natural bath baby bombs. Packed full of essential oils they are perfect for natural pampering baths with benefits for all skin types and ages. Inhale &amp; relax!</strong></p>",Beauty Products,Body Care,http://www.beautykitchen.co.uk/media/catalog/product/cache/1/image/363x/040ec09b1e35df139433887a97daa66fno_selection,http://www.beautykitchen.co.uk/inspiremebabybathbombs,inspiremebabybathbombs,0,,3
123,Inspire Me Rubber Duck Bath Bomb 70g,1,"<p><strong>Feel like you want to quack up? This rejuvenating and uplifting friend is just what you need.</strong></p>
<p><strong> Fizz away your cares with this 100% natural bath bomb. Packed full of uplifting essential oils it is perfect for natural pampering baths with benefits for all skin types and ages. Inhale &amp; relax!</strong></p>
<p><strong>Due to the 100% natural ingredients, some of the colours may vary and the product may change over time.</strong></p>",Beauty Products,Body Care,http://www.beautykitchen.co.uk/media/catalog/product/cache/1/image/363x/040ec09b1e35df139433887a97daa66f/B/K/BK_May2.jpg,http://www.beautykitchen.co.uk/inspiremeduckbathbomb,inspiremeduckbathbomb,0,,3
124,Inspire Me Magical Mind Bath Bomb 2 x 100g,1,"<p><strong>An uplifting, magical bath bomb to start you day with a bang! </strong></p>
<p><strong>Get your wizard hat on and watch your skin be transformed! Bursting with minerals and an invigorating, citrus scent, this bath bomb will leave you feeling uplifted and ready to face the day.</strong></p>
<p><strong>Due to the 100% natural ingredients, some of the colours may vary and the product may change over time.</strong></p>",Beauty Products,Body Care,http://www.beautykitchen.co.uk/media/catalog/product/cache/1/image/363x/040ec09b1e35df139433887a97daa66f/B/K/BK_May10.jpg,http://www.beautykitchen.co.uk/inspirememagicalmindbathbomb,inspirememagicalmindbathbomb,0,,3
125,Wake Me Lemon Sherbet Bath Bomb 2 x 100g,1,"<p><strong>For a sweet way to kick start your day! </strong></p>
<p><strong>This energising bath bomb will awaken your senses with our citric ingredients which will tone and soften the skin for a real bath time treat.</strong></p>
<p><strong>Due to the 100% natural ingredients, some of the colours may vary and the product may change over time.</strong></p>",Beauty Products,Body Care,http://www.beautykitchen.co.uk/media/catalog/product/cache/1/image/363x/040ec09b1e35df139433887a97daa66f/B/K/BK_May9.jpg,http://www.beautykitchen.co.uk/wakemelemonsherbetbathbomb,wakemelemonsherbetbathbomb,0,,3
126,Wake Me Baby Bath Bombs 10g,0,"<p><strong>Skin moisturising bon-bons of essential oil scented heaven for your bath.</strong></p>
<p><strong> Fizz away your cares with these 100% natural bath baby bombs. Packed full of essential oils they are perfect for natural pampering baths with benefits for all skin types and ages. Inhale &amp; relax!</strong></p>
<p><strong>Due to the 100% natural ingredients, some of the colours may vary and the product may change over time.</strong></p>",Beauty Products,Body Care,http://www.beautykitchen.co.uk/media/catalog/product/cache/1/image/363x/040ec09b1e35df139433887a97daa66fno_selection,http://www.beautykitchen.co.uk/wakemebabybathbombs,wakemebabybathbombs,0,,3
127,Wake Me Sun Beam Bath Bomb 180g,1,"<p><strong>Arise as bright as the sun with this citrus burst in your bath!</strong></p>
<p><strong> Get your day off to a shining start with this 100% natural bath bomb. Bursting with uplifting ingredients and moisturising essential oils to add a little zing to your day.</strong></p>
<p><strong>Due to the 100% natural ingredients, some of the colours may vary and the product may change over time.</strong></p>",Beauty Products,Body Care,http://www.beautykitchen.co.uk/media/catalog/product/cache/1/image/363x/040ec09b1e35df139433887a97daa66f/B/K/BK_May3.jpg,http://www.beautykitchen.co.uk/wakemesunbeambathbomb,wakemesunbeambathbomb,0,,3
128,Refresh Me Muscle Magician Bath Bomb 2 x 100g,1,"<p><strong>A blend of spearmint and peppermint for some minty magic!</strong></p>
<p><strong> A soothing and refreshing infusion that works its minty magic in the bath to heal and tone the skin while you enjoy a few moments of calm.</strong></p>
<p><strong>Due to the 100% natural ingredients, some of the colours may vary and the products may change over time.</strong></p>",Beauty Products,Body Care,http://www.beautykitchen.co.uk/media/catalog/product/cache/1/image/363x/040ec09b1e35df139433887a97daa66f/B/K/BK_May14.jpg,http://www.beautykitchen.co.uk/refreshmemusclemagicianbathbomb,refreshmemusclemagicianbathbomb,0,,3
129,Refresh Me Star Light Bath Bomb 180g,1,"<p><strong>An energising minty blend to make you feel like you can reach for the stars!</strong></p>
<p><strong> A soothing and refreshing minty infusion to fizz away your cares. The moisturising essential oils help to heal and tone the skin while you breathe in deeply and relax.</strong></p>
<p><strong>Due to the 100% natural ingredients, some of the colours may vary and the product may change over time.</strong></p>",Beauty Products,Body Care,http://www.beautykitchen.co.uk/media/catalog/product/cache/1/image/363x/040ec09b1e35df139433887a97daa66f/B/K/BK_May8.jpg,http://www.beautykitchen.co.uk/refreshmestarlightbathbomb,refreshmestarlightbathbomb,0,,3
130,Refresh Me Baby Bath Bombs 10g,0,"<p><strong>Skin moisturising bon-bons of essential oil scented heaven for your bath!</strong></p>
<p><strong> Fizz away your cares with these 100% natural bath baby bombs. Packed full of essential oils they are perfect for natural pampering baths with benefits for all skin types and ages. Inhale &amp; relax.</strong></p>
<p><strong>Due to the 100% natural ingredients, some of the colours may vary and the product may change over time.</strong></p>",Beauty Products,Body Care,http://www.beautykitchen.co.uk/media/catalog/product/cache/1/image/363x/040ec09b1e35df139433887a97daa66fno_selection,http://www.beautykitchen.co.uk/refreshmebabybathbombs,refreshmebabybathbombs,0,,3
131,"Chill Me Bath, Bed & Beyond Bath Bomb 2 x 100g",1,"<p><strong>Relax in moments with this bed time bath bomb.</strong></p>
<p><strong> What better way to unwind than a soak with your favourite bath bomb? Bursting with eucalyptus and rosemary to soothe your skin while the lavender calms your mind so you can float to bed for a peaceful nights sleep.</strong></p>
<p><strong>Due to the 100% natural ingredients, some of the colours may vary and the product may change over time.</strong></p>",Beauty Products,Body Care,http://www.beautykitchen.co.uk/media/catalog/product/cache/1/image/363x/040ec09b1e35df139433887a97daa66f/B/K/BK_May4.jpg,http://www.beautykitchen.co.uk/chillmebathbedbeyondbathbomb,chillmebathbedbeyondbathbomb,0,,3
132,Chill Me Baby Bath Bombs 10g,0,"<p><strong>Skin moisturising bon-bons of essential oil scented heaven for your bath.</strong></p>
<p><strong> Fizz away your cares with these 100% natural bath baby bombs. Packed full of essential oils they are perfect for natural pampering baths with benefits for all skin types and ages. Inhale &amp; relax!</strong></p>
<p><strong>Due to the 100% natural ingredients, some of the colours may vary and the product may change over time.</strong></p>",Beauty Products,Body Care,http://www.beautykitchen.co.uk/media/catalog/product/cache/1/image/363x/040ec09b1e35df139433887a97daa66fno_selection,http://www.beautykitchen.co.uk/chillmebabybathbombs,chillmebabybathbombs,0,,3
133,Chill Me Moon Shine Bath Bomb 180g,1,"<p><strong>You'll feel like your troubles are many moons away with this relaxing bath bomb.</strong></p>
<p><strong> Fizz away your worries into the night sky with this moon bath bomb. Lavendar &amp; Rosemary chill all your senses and soothes even the most sensitive skin.</strong></p>
<p><strong>Due to the 100% natural ingredients, some of the colours may vary and the product may change over time.</strong></p>",Beauty Products,Body Care,http://www.beautykitchen.co.uk/media/catalog/product/cache/1/image/363x/040ec09b1e35df139433887a97daa66f/B/K/BK_May11.jpg,http://www.beautykitchen.co.uk/chillmemoonshinebathbomb,chillmemoonshinebathbomb,0,,3
134,Love Me Shimmer Soak Bath Bomb 180g,1,"<p><strong>Sink into shimmer heaven and show your skin some love!</strong></p>
<p><strong> Fizz away your evening with this uplifting blend of cinnamon leaf, orange sweet and frankincense. Packed full of anti-ageing ingredients that will help to tone your skin. The perfect natural pampering bath with benefits.</strong></p>
<p><strong>Due to the 100% natural ingredients, some of the colour may vary and the product may change over time.</strong></p>",Beauty Products,Body Care,http://www.beautykitchen.co.uk/media/catalog/product/cache/1/image/363x/040ec09b1e35df139433887a97daa66f/B/K/BK_May1.jpg,http://www.beautykitchen.co.uk/lovemeshimmerbathbomb,lovemeshimmerbathbomb,0,,3
135,Love Me Baby Bath Bombs 10g,0,"<p><strong>Skin moisturising bon-bons of essential oil scented heaven for your bath.</strong></p>
<p><strong> Fizz away your cares with these 100% natural bath baby bombs. Packed full of essential oils they are perfect for natural pampering baths with benefits for all skin types and ages. Inhale &amp; relax.</strong></p>
<p><strong>Due to the 100% natural ingredients, some colours may vary and the product may change over time.</strong></p>",Beauty Products,Body Care,http://www.beautykitchen.co.uk/media/catalog/product/cache/1/image/363x/040ec09b1e35df139433887a97daa66fno_selection,http://www.beautykitchen.co.uk/lovemebabybathbombs,lovemebabybathbombs,0,,3
136,Spoil Me Princess Kisses Bath Bomb 2 x 100g,1,"<p><strong>The perfect pamper princess bath bomb for someone that needs to be spoiled! </strong></p>
<p><strong>Everyone wants to feel like a princess every once in a while and this bath bomb will transport your bath time into 'me' time. With cedarwood to tone the skin and orange sweet that increases blood flow to the skin.</strong></p>
<p><strong>Due to 100% natural ingredients, some of the colours may vary and the product may change over time.</strong></p>",Beauty Products,Body Care,http://www.beautykitchen.co.uk/media/catalog/product/cache/1/image/363x/040ec09b1e35df139433887a97daa66f/S/p/SpoilMePrincessKisses.jpg,http://www.beautykitchen.co.uk/spoilmeprincesskisses,spoilmeprincesskisses,0,,3
137,Chill Me Sensitive Wonder Balm 10ml,1,"<p><strong>For lips and dry bits.</strong></p>
<p><strong>Where ever, when ever, wonder balm it! Why can you never find a lip balm when you need one? Our moisturising wonder balms are in the cutest little tins so you will always keep yours with you so you can apply in public! (not suitable for Vegans, contains Beeswax).</strong></p>",Beauty Products,By Scent,http://www.beautykitchen.co.uk/media/catalog/product/cache/1/image/363x/040ec09b1e35df139433887a97daa66f/C/h/ChillMeWonderBalmFullFront.jpg,http://www.beautykitchen.co.uk/chill-me-sensitive-wonder-balm-10ml,chillmelipbalm,0,,3
138,Skin Care Starter Kit,1,"<p><strong>Whether you're a beauty junkie or a skin care novice, this 100% natural kit is perfect for all skin types. What's more, it will last for up to 4 months (as you as you're not bathing in it!) which works out at less than 50p a day! </strong></p>
<p>Abyssinian Oil is a turbo charged argan oil and it is in all of our skin care products. The oil comes from the Abyssinian plant without damaging it making this ingredient super sustainable. It deeply moisturises and repairs the skin whilst smoothing and restoring your natural glow.</p>",Beauty Products,Skin Care,http://www.beautykitchen.co.uk/media/catalog/product/cache/1/image/363x/040ec09b1e35df139433887a97daa66f/b/e/beauty_kitchen_1_resized.jpg,http://www.beautykitchen.co.uk/skin-care-starter-kit,skincarestarterkit,0,,3
139,Wonder Balm Collection,1,"<p><strong>For lips and dry bits. </strong></p>
<p><strong>Where ever, when ever, wonder balm it! Our moisturising wonder balms are in the cutest little tins so you will always keep yours with you so you can apply in public! The Wonder Balm Collection contains 6 natural wonder balms each in a different scent to suit every mood (not suitable for Vegans, contains Beeswax).</strong></p>",Beauty Products,Body Care,http://www.beautykitchen.co.uk/media/catalog/product/cache/1/image/363x/040ec09b1e35df139433887a97daa66f/b/k/bk_may26.jpg,http://www.beautykitchen.co.uk/wonder-balm-collection,wonderbalmcollection,0,,3
140,"Love Me Patchouli, Honey & Oatmeal Soap 90g",1,"<p><strong>Skin softening soap for skin in need of love! </strong></p>
<p>Your skin will love this fabulous natural hand and body soap. Packed full of an uplifting yet comforting blend of essential oils, skin rejuvenating patchouli and intensely moisturising honey and oatmeal.</p>",Beauty Products,By Scent,http://www.beautykitchen.co.uk/media/catalog/product/cache/1/image/363x/040ec09b1e35df139433887a97daa66f/b/k/bk_may6.jpg,http://www.beautykitchen.co.uk/love-me-patchouli-honey-oatmeal-soap-90g,lovemepatchoulisoap,0,,3
141,Himalayan Heart Soap 200g,0,"<p>Himalayan salt is the purest salt in the world and contains 94 minerals that are present in your body.</p>
<p>Its perfect as a non foaming soap, natural deodorant or bathroom decoration.&nbsp;</p>",Beauty Products,Body Care/Soaps,http://www.beautykitchen.co.uk/media/catalog/product/cache/1/image/363x/040ec09b1e35df139433887a97daa66fno_selection,http://www.beautykitchen.co.uk/himalayan-heart-soap-200g,himalayanheartsoap,0,,3